night,instrument,s3_prefix,standard,slit,spec2d,notes,std_class,jmag_2mass,std_ra,std_dec,filter
20140601,mosfire,mosfire/20140601,Feige110,long2pos_specphot (align),0,WD xshooter DOp; J; 12 frames; flats 22; lamp arcs 2; prog C223M Steidel; era 2012-04..2016-09,WD,,349.993333,-5.165611,J
20141005,mosfire,mosfire/20141005,*55Dra,long2pos_specphot (align),0,A0V simbad A0V; J; 7 frames; flats 17; lamp arcs 2; prog C230M Steidel; era 2012-04..2016-09,A0V,6.211,287.440858,65.978514,J
20141123,mosfire,mosfire/20141123,HD95126,long2pos_specphot (align),0,A0V simbad A0V; J; 7 frames; flats 11; lamp arcs 2; prog C230M Steidel; era 2012-04..2016-09,A0V,8.874,164.917531,45.788580,J
20150428,mosfire,mosfire/20150428,HD159008,long2pos_specphot (align),0,A0V simbad A0V; J; 7 frames; flats 11; lamp arcs 2; prog C224M Steidel; era 2012-04..2016-09,A0V,6.822,263.211291,-13.482099,J
20150904,mosfire,mosfire/20150904,HD18571,long2pos_specphot,0,A0V simbad A0V; J; 7 frames; flats 11; lamp arcs 2; prog C227M Steidel; era 2012-04..2016-09,A0V,8.504,44.819832,1.244576,J
20151022,mosfire,mosfire/20151022,HD54601,long2pos_specphot,0,A0V simbad A0V; J; 7 frames; flats 11; lamp arcs 2; prog C227M Steidel; era 2012-04..2016-09,A0V,8.457,107.234845,-12.319239,J
20160417,mosfire,mosfire/20160417,HD74721,long2pos_specphot,0,A0V simbad A0V; J; 15 frames; flats 13; lamp arcs 6; prog U061M Malkan; era 2012-04..2016-09,A0V,8.521,131.496923,13.263498,J
20170615,mosfire,mosfire/20170615,HD133772,long2pos_specphot,0,A0V simbad A0V; J; 6 frames; flats 26; lamp arcs 12; prog C263 Heida; era 2017-02..2025-02,A0V,7.242,226.642669,-12.907061,J
20171105,mosfire,mosfire/20171105,HD74721,long2pos_specphot,0,A0V simbad A0V; J; 6 frames; flats 13; lamp arcs 6; prog C432 Kirby; era 2017-02..2025-02,A0V,8.521,131.496923,13.263498,J
20171106,mosfire,mosfire/20171106,HD74721,long2pos_specphot,0,A0V simbad A0V; J; 12 frames; flats 13; lamp arcs 6; prog C432 Kirby; era 2017-02..2025-02,A0V,8.521,131.496923,13.263498,J
20201126,mosfire,mosfire/20201126,HD65158,long2pos_specphot,0,A0V simbad A0V; J; 6 frames; flats 13; lamp arcs 6; prog C263 Steidel; era 2017-02..2025-02,A0V,7.093,119.357749,-0.635876,J
20210928,mosfire,mosfire/20210928,HD21379,long2pos_specphot,0,A0V simbad A0Vs; J; 7 frames; flats 13; lamp arcs 6; prog C257 Steidel; era 2017-02..2025-02,A0V,6.282,51.827816,12.735283,J
20210930,mosfire,mosfire/20210930,HD21379,long2pos_specphot,0,A0V simbad A0Vs; J; 6 frames; flats 13; lamp arcs 6; prog C257 Steidel; era 2017-02..2025-02,A0V,6.282,51.827816,12.735283,J
20211027,mosfire,mosfire/20211027,HD210501,long2pos_specphot,0,A0V simbad A0V; J; 6 frames; flats 26; lamp arcs 6; prog N118 Strom; era 2017-02..2025-02,A0V,7.615,332.615503,16.708125,J
20240721,mosfire,mosfire/20240721,Feige110,long2pos_specphot,0,WD xshooter DOp; J; 7 frames; flats 13; lamp arcs 6; prog O445 Strom; era 2017-02..2025-02,WD,,349.993333,-5.165611,J
20241229,mosfire,mosfire/20241229,GD153,LONGSLIT-46x5,1,WD calspec DA1.2; J; 2 frames; flats 10; lamp arcs 0; prog U418 Hennawi; era 2017-02..2025-02,WD,,194.259675,22.031286,J
20241230,mosfire,mosfire/20241230,GD153,LONGSLIT-46x5,1,WD xshooter DA1; J2; 2 frames; flats 43; lamp arcs 0; prog U418 Hennawi; era 2017-02..2025-02,WD,,194.259750,22.031306,J2
20250125,mosfire,mosfire/20250125,GD153,LONGSLIT-46x5,1,WD xshooter DA1; J2; 2 frames; flats 30; lamp arcs 0; prog U418 Hennawi; era 2017-02..2025-02,WD,,194.259750,22.031306,J2
20250723,mosfire,mosfire/20250723,GD153,LONGSLIT-46x5,1,WD xshooter DA1; J2; 2 frames; flats 20; lamp arcs 0; prog N110 Hennawi; era 2025-04..,WD,,194.259750,22.031306,J2
